{"version":"vaibhav_reader_2.0","flags":null,"shapes":[{"label":"Field_1","points":[[115,197],[110,247],[223,245],[222,196]],"group_id":"CompanyName","text_field":"Apollo","shape_type":"Rectangle","flags":{"Truncated":false,"Curved":false,"Slanted":false}},{"label":"Field_2","points":[[228,195],[354,193],[354,228],[257,227],[256,242],[227,243]],"group_id":"CompanyName","text_field":"Spectra","shape_type":"polygon","flags":{"Truncated":false,"Curved":true,"Slanted":false}},{"label":"CardArea","points":[[83,94],[98,88],[217,84],[705,64],[788,54],[798,52],[835,558],[831,561],[33,559],[29,555]],"group_id":"CARDAREA","text_field":"","shape_type":"polygon","flags":{"Truncated":false,"Curved":true,"Slanted":false}},{"label":"Field_1","points":[[258,230],[329,230],[331,243],[260,243]],"group_id":"Others","text_field":"HOSPITALS","shape_type":"Rectangle","flags":{"Truncated":false,"Curved":false,"Slanted":false}},{"label":"Field_2","points":[[165,253],[165,264],[244,263],[243,252]],"group_id":"Others","text_field":"TOUCHING","shape_type":"Rectangle","flags":{"Truncated":false,"Curved":false,"Slanted":false}},{"label":"Field_3","points":[[251,252],[296,252],[298,262],[250,262]],"group_id":"Others","text_field":"LIVES","shape_type":"Rectangle","flags":{"Truncated":false,"Curved":false,"Slanted":false}},{"label":"FirstName","points":[[337.33331298828125,327.66665649414062],[337.33331298828125,356.83332252502441],[450.16664123535156,356.83332252502441],[450.16664123535156,327.66665649414062]],"group_id":"Name","text_field":"Harpreet","shape_type":"Rectangle","flags":{"Truncated":false,"Curved":false,"Slanted":false}},{"label":"LastName","points":[[457.33331298828125,323.83331298828125],[457.33331298828125,353.49997901916504],[529.16664123535156,353.49997901916504],[529.16664123535156,323.83331298828125]],"group_id":"Name","text_field":"Singh","shape_type":"Rectangle","flags":{"Truncated":false,"Curved":false,"Slanted":false}},{"label":"Field_1","points":[[305,361],[385,360],[387,385],[306,385]],"group_id":"Designation","text_field":"Manager","shape_type":"Rectangle","flags":{"Truncated":false,"Curved":false,"Slanted":false}},{"label":"Field_4","points":[[391,358],[442,359],[442,380],[392,380]],"group_id":"Others","text_field":"Sales","shape_type":"Rectangle","flags":{"Truncated":false,"Curved":false,"Slanted":false}},{"label":"Field_5","points":[[465.66665649414062,357.83331298828125],[465.66665649414062,380.99997901916504],[558.66665649414062,380.99997901916504],[558.66665649414062,357.83331298828125]],"group_id":"Others","text_field":"Marketing","shape_type":"Rectangle","flags":{"Truncated":false,"Curved":false,"Slanted":false}},{"label":"Field_6","points":[[90.833328247070312,451.99996948242188],[90.833328247070312,473.49996757507324],[108,474],[109,453]],"group_id":"Others","text_field":"M","shape_type":"Rectangle","flags":{"Truncated":false,"Curved":false,"Slanted":false}},{"label":"Number_1","points":[[115,455],[116,474],[271.66664886474609,473.49996757507324],[271.66664886474609,451.99996948242188]],"group_id":"Mobile","text_field":"+91 9868300909","shape_type":"Rectangle","flags":{"Truncated":false,"Curved":false,"Slanted":false}},{"label":"Field_7","points":[[299,450],[313,450],[313,472],[300,472]],"group_id":"Others","text_field":"E","shape_type":"Rectangle","flags":{"Truncated":false,"Curved":false,"Slanted":false}},{"label":"Address","points":[[321.66665649414062,449.99996948242188],[321.66665649414062,476.49996757507324],[646.49996948242188,476.49996757507324],[646.49996948242188,449.99996948242188]],"group_id":"Email","text_field":"harpreet.singh@apollospectra.com","shape_type":"Rectangle","flags":{"Truncated":false,"Curved":false,"Slanted":false}},{"label":"Field_1","points":[[86.833328247070312,481.99996948242188],[86.833328247070312,502.66663551330566],[148,501],[149,481]],"group_id":"HouseNumber","text_field":"66 A/2","shape_type":"Rectangle","flags":{"Truncated":false,"Curved":false,"Slanted":false}},{"label":"Field_1","points":[[155,480],[198,479],[198,500],[155,501]],"group_id":"StreetName","text_field":"New","shape_type":"polygon","flags":{"Truncated":false,"Curved":false,"Slanted":false}},{"label":"Field_2","points":[[203.49998474121094,479.33331298828125],[203.49998474121094,501.83331108093262],[267.33331298828125,501.83331108093262],[267.33331298828125,479.33331298828125]],"group_id":"StreetName","text_field":"Rohtak","shape_type":"Rectangle","flags":{"Truncated":false,"Curved":false,"Slanted":false}},{"label":"Field_3","points":[[272,480],[319,480],[319,499],[272,501]],"group_id":"StreetName","text_field":"Road","shape_type":"Rectangle","flags":{"Truncated":false,"Curved":false,"Slanted":false}},{"label":"Field_1","points":[[329,478.16665649414062],[329,499.4999885559082],[376,499.4999885559082],[376,478.16665649414062]],"group_id":"Locality","text_field":"Karol","shape_type":"Rectangle","flags":{"Truncated":false,"Curved":false,"Slanted":false}},{"label":"Field_2","points":[[381,477],[430,479],[429,505],[381,504]],"group_id":"Locality","text_field":"Bagh","shape_type":"Rectangle","flags":{"Truncated":false,"Curved":false,"Slanted":false}},{"label":"Field_1","points":[[438,478],[484,478],[482,498],[440,498]],"group_id":"City","text_field":"New","shape_type":"polygon","flags":{"Truncated":false,"Curved":false,"Slanted":false}},{"label":"Field_2","points":[[487,477],[536,479],[537,498],[488,497]],"group_id":"City","text_field":"Delhi","shape_type":"Rectangle","flags":{"Truncated":false,"Curved":false,"Slanted":false}},{"label":"Field_1","points":[[553,479],[638,478],[639,498],[554,497]],"group_id":"PinCode","text_field":"110 005","shape_type":"Rectangle","flags":{"Truncated":false,"Curved":false,"Slanted":false}},{"label":"Field_8","points":[[85.666664123535156,510.83331298828125],[86,529],[96,529],[100.99999713897705,510.83331298828125]],"group_id":"Others","text_field":"T","shape_type":"Rectangle","flags":{"Truncated":false,"Curved":false,"Slanted":false}},{"label":"Number_1","points":[[105,509],[106,530],[279,529],[280,509]],"group_id":"Phone","text_field":"011 4004 3300-07","shape_type":"Rectangle","flags":{"Truncated":false,"Curved":false,"Slanted":false}},{"label":"Field_9","points":[[289.33331298828125,508.66665649414062],[290,527],[301,527],[302,508]],"group_id":"Others","text_field":"F","shape_type":"Rectangle","flags":{"Truncated":false,"Curved":false,"Slanted":false}},{"label":"Number_1","points":[[309,506],[310,527],[455.99996948242188,527.83331298828125],[455.99996948242188,507.33331298828125]],"group_id":"Fax","text_field":"011 4004 3333","shape_type":"Rectangle","flags":{"Truncated":false,"Curved":false,"Slanted":false}}],"imagePath":"C:\\Users\\navuser\\Desktop\\Abhishek\\Production_files\\Abhi_0712\\Abhi_0712\\20201202_160748.jpg","imageData":"System.Byte[]","imageHeight":600,"imageWidth":860}