{
    "version": "vaibhav_reader_2.0",
    "flags": null,
    "shapes": [
        {
            "label": "FirstName",
            "points": [
                [
                    484.83331298828125,
                    92.166664123535156
                ],
                [
                    484.83331298828125,
                    131.99999618530273
                ],
                [
                    627.66664123535156,
                    131.99999618530273
                ],
                [
                    627.66664123535156,
                    92.166664123535156
                ]
            ],
            "group_id": "Name",
            "text_field": "Shreyans",
            "shape_type": "Rectangle",
            "flags": {
                "Truncated": false,
                "Curved": false,
                "Slanted": false
            }
        },
        {
            "label": "LastName",
            "points": [
                [
                    638.1666259765625,
                    89
                ],
                [
                    638.1666259765625,
                    122.83333206176758
                ],
                [
                    731.83329010009766,
                    122.83333206176758
                ],
                [
                    731.83329010009766,
                    89
                ]
            ],
            "group_id": "Name",
            "text_field": "Mittal",
            "shape_type": "Rectangle",
            "flags": {
                "Truncated": false,
                "Curved": false,
                "Slanted": false
            }
        },
        {
            "label": "Field_1",
            "points": [
                [
                    485.66665649414062,
                    137.5
                ],
                [
                    485.66665649414062,
                    160.16666603088379
                ],
                [
                    596.83332061767578,
                    160.16666603088379
                ],
                [
                    596.83332061767578,
                    137.5
                ]
            ],
            "group_id": "Designation",
            "text_field": "DIRECTOR",
            "shape_type": "Rectangle",
            "flags": {
                "Truncated": false,
                "Curved": false,
                "Slanted": false
            }
        },
        {
            "label": "Field_2",
            "points": [
                [
                    602.33331298828125,
                    135
                ],
                [
                    602.33331298828125,
                    158.66666603088379
                ],
                [
                    733.49996948242188,
                    158.66666603088379
                ],
                [
                    733.49996948242188,
                    135
                ]
            ],
            "group_id": "Designation",
            "text_field": "MARKETING",
            "shape_type": "Rectangle",
            "flags": {
                "Truncated": false,
                "Curved": false,
                "Slanted": false
            }
        },
        {
            "label": "Field_1",
            "points": [
                [
                    358,
                    226
                ],
                [
                    358,
                    299
                ],
                [
                    680.16665649414062,
                    297.83331298828125
                ],
                [
                    680.16665649414062,
                    223.99998474121094
                ]
            ],
            "group_id": "CompanyName",
            "text_field": "GENPHY",
            "shape_type": "Rectangle",
            "flags": {
                "Truncated": false,
                "Curved": false,
                "Slanted": false
            }
        },
        {
            "label": "Field_1",
            "points": [
                [
                    359,
                    319.83331298828125
                ],
                [
                    359,
                    349.33331108093262
                ],
                [
                    451,
                    349.33331108093262
                ],
                [
                    451,
                    319.83331298828125
                ]
            ],
            "group_id": "Others",
            "text_field": "HOME",
            "shape_type": "Rectangle",
            "flags": {
                "Truncated": false,
                "Curved": false,
                "Slanted": false
            }
        },
        {
            "label": "Field_2",
            "points": [
                [
                    465.66665649414062,
                    317.33331298828125
                ],
                [
                    465.66665649414062,
                    346.99997901916504
                ],
                [
                    588.49998474121094,
                    346.99997901916504
                ],
                [
                    588.49998474121094,
                    317.33331298828125
                ]
            ],
            "group_id": "Others",
            "text_field": "HEALTH",
            "shape_type": "Rectangle",
            "flags": {
                "Truncated": false,
                "Curved": false,
                "Slanted": false
            }
        },
        {
            "label": "Field_3",
            "points": [
                [
                    603,
                    316.66665649414062
                ],
                [
                    603,
                    344.33332252502441
                ],
                [
                    686,
                    344.33332252502441
                ],
                [
                    686,
                    316.66665649414062
                ]
            ],
            "group_id": "Others",
            "text_field": "CARE",
            "shape_type": "Rectangle",
            "flags": {
                "Truncated": false,
                "Curved": false,
                "Slanted": false
            }
        },
        {
            "label": "Field_1",
            "points": [
                [
                    142,
                    422
                ],
                [
                    189,
                    422
                ],
                [
                    190,
                    450
                ],
                [
                    142,
                    450
                ]
            ],
            "group_id": "HouseNumber",
            "text_field": "R-13",
            "shape_type": "Rectangle",
            "flags": {
                "Truncated": false,
                "Curved": false,
                "Slanted": false
            }
        },
        {
            "label": "Field_1",
            "points": [
                [
                    202.33332824707031,
                    423.49996948242188
                ],
                [
                    202.33332824707031,
                    448.16663551330566
                ],
                [
                    280.16665649414062,
                    448.16663551330566
                ],
                [
                    280.16665649414062,
                    423.49996948242188
                ]
            ],
            "group_id": "Locality",
            "text_field": "Greater",
            "shape_type": "Rectangle",
            "flags": {
                "Truncated": false,
                "Curved": false,
                "Slanted": false
            }
        },
        {
            "label": "Field_2",
            "points": [
                [
                    286,
                    420
                ],
                [
                    355,
                    418
                ],
                [
                    357,
                    446
                ],
                [
                    286,
                    448
                ]
            ],
            "group_id": "Locality",
            "text_field": "Kailash",
            "shape_type": "Rectangle",
            "flags": {
                "Truncated": false,
                "Curved": false,
                "Slanted": false
            }
        },
        {
            "label": "Field_3",
            "points": [
                [
                    364,
                    418
                ],
                [
                    374,
                    417
                ],
                [
                    376,
                    443
                ],
                [
                    367,
                    443
                ]
            ],
            "group_id": "Locality",
            "text_field": "1",
            "shape_type": "Rectangle",
            "flags": {
                "Truncated": false,
                "Curved": false,
                "Slanted": false
            }
        },
        {
            "label": "CardArea",
            "points": [
                [
                    54,
                    33
                ],
                [
                    816,
                    29
                ],
                [
                    847,
                    554
                ],
                [
                    47,
                    583
                ]
            ],
            "group_id": "CARDAREA",
            "text_field": "",
            "shape_type": "Rectangle",
            "flags": {
                "Truncated": false,
                "Curved": false,
                "Slanted": false
            }
        },
        {
            "label": "Field_1",
            "points": [
                [
                    139.33332824707031,
                    461.99996948242188
                ],
                [
                    140,
                    487
                ],
                [
                    188,
                    486
                ],
                [
                    189,
                    461
                ]
            ],
            "group_id": "City",
            "text_field": "New",
            "shape_type": "Rectangle",
            "flags": {
                "Truncated": false,
                "Curved": false,
                "Slanted": false
            }
        },
        {
            "label": "Field_2",
            "points": [
                [
                    195,
                    459
                ],
                [
                    246,
                    457
                ],
                [
                    247,
                    484
                ],
                [
                    195,
                    487
                ]
            ],
            "group_id": "City",
            "text_field": "Delhi",
            "shape_type": "Rectangle",
            "flags": {
                "Truncated": false,
                "Curved": false,
                "Slanted": false
            }
        },
        {
            "label": "Field_1",
            "points": [
                [
                    254,
                    458
                ],
                [
                    332,
                    456
                ],
                [
                    333,
                    482
                ],
                [
                    258,
                    483
                ]
            ],
            "group_id": "PinCode",
            "text_field": "110048",
            "shape_type": "Rectangle",
            "flags": {
                "Truncated": false,
                "Curved": false,
                "Slanted": false
            }
        },
        {
            "label": "Field_1",
            "points": [
                [
                    140,
                    495
                ],
                [
                    142.33332824707031,
                    523.33330154418945
                ],
                [
                    194.33332443237305,
                    523.33330154418945
                ],
                [
                    192,
                    495
                ]
            ],
            "group_id": "Country",
            "text_field": "India",
            "shape_type": "Rectangle",
            "flags": {
                "Truncated": false,
                "Curved": false,
                "Slanted": false
            }
        },
        {
            "label": "Number_1",
            "points": [
                [
                    509,
                    412
                ],
                [
                    509,
                    438
                ],
                [
                    688,
                    437
                ],
                [
                    687.66664123535156,
                    410.99996948242188
                ]
            ],
            "group_id": "Mobile",
            "text_field": "+91-9811358973",
            "shape_type": "Rectangle",
            "flags": {
                "Truncated": false,
                "Curved": false,
                "Slanted": false
            }
        },
        {
            "label": "Address",
            "points": [
                [
                    507.16665649414062,
                    442.33331298828125
                ],
                [
                    507.16665649414062,
                    478.33331298828125
                ],
                [
                    744.33331298828125,
                    478.33331298828125
                ],
                [
                    744.33331298828125,
                    442.33331298828125
                ]
            ],
            "group_id": "Email",
            "text_field": "shreyans@genphy.com",
            "shape_type": "Rectangle",
            "flags": {
                "Truncated": false,
                "Curved": false,
                "Slanted": false
            }
        },
        {
            "label": "Address",
            "points": [
                [
                    507,
                    480
                ],
                [
                    507.99996948242188,
                    511.49996757507324
                ],
                [
                    693.49996948242188,
                    511.49996757507324
                ],
                [
                    693,
                    478
                ]
            ],
            "group_id": "Website",
            "text_field": "www.genphy.com",
            "shape_type": "Rectangle",
            "flags": {
                "Truncated": false,
                "Curved": false,
                "Slanted": false
            }
        }
    ],
    "imagePath": "C:\\Users\\navuser\\Desktop\\Abhishek\\Production_files\\Abhi_0712\\Abhi_0712\\20201202_160918.jpg",
    "imageData": "System.Byte[]",
    "imageHeight": 600,
    "imageWidth": 860
}