{"version":"vaibhav_reader_2.0","flags":null,"shapes":[{"label":"FirstName","points":[[458.49996948242188,271.16665649414062],[458.49996948242188,296.83332252502441],[533.166633605957,296.83332252502441],[533.166633605957,271.16665649414062]],"group_id":"Name","text_field":"Sharat","shape_type":"Rectangle","flags":{"Truncated":false,"Curved":false,"Slanted":false}},{"label":"LastName","points":[[538.1666259765625,263],[541,297],[688,295],[687,258]],"group_id":"Name","text_field":"Bhattatiripad","shape_type":"Rectangle","flags":{"Truncated":false,"Curved":false,"Slanted":false}},{"label":"Field_1","points":[[489,303],[489,327],[607,325],[607.49996185302734,302]],"group_id":"Designation","text_field":"Programming","shape_type":"Rectangle","flags":{"Truncated":false,"Curved":false,"Slanted":false}},{"label":"Field_2","points":[[613.1666259765625,296.5],[613.1666259765625,319.16666603088379],[662.6666259765625,319.16666603088379],[662.6666259765625,296.5]],"group_id":"Designation","text_field":"Head","shape_type":"Rectangle","flags":{"Truncated":false,"Curved":false,"Slanted":false}},{"label":"Field_1","points":[[185,263],[314,264],[309,319],[264,331],[187,351]],"group_id":"CompanyName","text_field":"Fever","shape_type":"polygon","flags":{"Truncated":false,"Curved":true,"Slanted":false}},{"label":"Field_2","points":[[286,325],[287,366],[351,365],[348,321]],"group_id":"CompanyName","text_field":"104","shape_type":"Rectangle","flags":{"Truncated":false,"Curved":false,"Slanted":false}},{"label":"Field_3","points":[[350,304],[381,303],[383,333],[353,335]],"group_id":"CompanyName","text_field":"FM","shape_type":"Rectangle","flags":{"Truncated":false,"Curved":false,"Slanted":false}},{"label":"Field_1","points":[[209,352],[214,361],[220,370],[213,381],[202,369],[198,361]],"group_id":"Others","text_field":"IT\u0027S","shape_type":"polygon","flags":{"Truncated":false,"Curved":true,"Slanted":false}},{"label":"Field_2","points":[[225,373],[238,382],[234,396],[221,390],[216,384]],"group_id":"Others","text_field":"ALL","shape_type":"polygon","flags":{"Truncated":false,"Curved":true,"Slanted":false}},{"label":"Field_3","points":[[242,387],[256,390],[273,392],[275,407],[250,404],[238,400]],"group_id":"Others","text_field":"ABOUT ","shape_type":"polygon","flags":{"Truncated":false,"Curved":true,"Slanted":false}},{"label":"Field_4","points":[[277,391],[289,388],[297,386],[300,401],[289,405],[278,405]],"group_id":"Others","text_field":"THE","shape_type":"polygon","flags":{"Truncated":false,"Curved":true,"Slanted":false}},{"label":"Field_5","points":[[301,384],[313,376],[329,366],[337,382],[323,391],[304,401]],"group_id":"Others","text_field":"MUSIC","shape_type":"polygon","flags":{"Truncated":false,"Curved":true,"Slanted":false}},{"label":"CardArea","points":[[58,69],[66,60],[747,38],[764,34],[824,559],[817,560],[35,587]],"group_id":"CARDAREA","text_field":"","shape_type":"Rectangle","flags":{"Truncated":false,"Curved":false,"Slanted":false}},{"label":"Field_6","points":[[496,489],[517,489],[518,514],[497,514]],"group_id":"Others","text_field":"A","shape_type":"Rectangle","flags":{"Truncated":false,"Curved":false,"Slanted":false}},{"label":"Field_7","points":[[525,487],[596,486],[599,511],[523,515]],"group_id":"Others","text_field":"division","shape_type":"Rectangle","flags":{"Truncated":false,"Curved":false,"Slanted":false}},{"label":"Field_8","points":[[604,484.83331298828125],[604,511.99997901916504],[624.33333206176758,511.99997901916504],[624.33333206176758,484.83331298828125]],"group_id":"Others","text_field":"of","shape_type":"Rectangle","flags":{"Truncated":false,"Curved":false,"Slanted":false}},{"label":"Field_9","points":[[630.83331298828125,486.49996948242188],[630.83331298828125,510.99996948242188],[656.83331108093262,510.99996948242188],[656.83331108093262,486.49996948242188]],"group_id":"Others","text_field":"HT","shape_type":"Rectangle","flags":{"Truncated":false,"Curved":false,"Slanted":false}},{"label":"Field_10","points":[[663.1666259765625,483.33331298828125],[663.1666259765625,509.99997901916504],[727.66662216186523,509.99997901916504],[727.66662216186523,483.33331298828125]],"group_id":"Others","text_field":"Media","shape_type":"Rectangle","flags":{"Truncated":false,"Curved":false,"Slanted":false}},{"label":"Field_11","points":[[731,482],[763,481],[764,507],[732,508]],"group_id":"Others","text_field":"Ltd","shape_type":"Rectangle","flags":{"Truncated":false,"Curved":false,"Slanted":false}}],"imagePath":"C:\\Users\\navuser\\Desktop\\Abhishek\\Production_files\\Abhi_0712\\Abhi_0712\\20201202_160706.jpg","imageData":"System.Byte[]","imageHeight":600,"imageWidth":860}