{"version": "vaibhav_reader_2.0", "flags": null, "shapes": [{"label": "FirstName", "points": [[90, 92], [152, 93], [151, 112], [91, 114]], "group_id": "Name", "text_field": "Paras", "shape_type": "Rectangle", "flags": {"Truncated": false, "Curved": false, "Slanted": false}}, {"label": "LastName", "points": [[157, 90], [216, 90], [216, 110], [157, 110]], "group_id": "Name", "text_field": "Sethi", "shape_type": "Rectangle", "flags": {"Truncated": false, "Curved": false, "Slanted": false}}, {"label": "CardArea", "points": [[72, 58], [805, 29], [853, 570], [35, 570]], "group_id": "CARDAREA", "text_field": "", "shape_type": "Rectangle", "flags": {"Truncated": false, "Curved": false, "Slanted": false}}, {"label": "Field_1", "points": [[142, 196], [191, 185], [195, 207], [146, 218]], "group_id": "Others", "text_field": "CRD", "shape_type": "Rectangle", "flags": {"Truncated": false, "Curved": false, "Slanted": false}}, {"label": "Field_2", "points": [[154, 248], [192, 240], [195, 256], [158, 264]], "group_id": "Others", "text_field": "POP", "shape_type": "Rectangle", "flags": {"Truncated": false, "Curved": false, "Slanted": false}}, {"label": "Field_3", "points": [[359, 130], [393, 129], [392, 145], [359, 146]], "group_id": "Others", "text_field": "ISO", "shape_type": "Rectangle", "flags": {"Truncated": false, "Curved": false, "Slanted": false}}, {"label": "Field_4", "points": [[398, 128], [436, 127], [437, 141], [399, 144]], "group_id": "Others", "text_field": "9001", "shape_type": "Rectangle", "flags": {"Truncated": false, "Curved": false, "Slanted": false}}, {"label": "Field_5", "points": [[442, 127], [482, 126], [483, 142], [443, 142]], "group_id": "Others", "text_field": "2015", "shape_type": "Rectangle", "flags": {"Truncated": false, "Curved": false, "Slanted": false}}, {"label": "Field_6", "points": [[332, 159], [348, 152], [373, 147], [401, 147], [404, 157], [364, 164], [344, 169], [337, 171]], "group_id": "Others", "text_field": "SYMBOL", "shape_type": "polygon", "flags": {"Truncated": false, "Curved": true, "Slanted": false}}, {"label": "Field_7", "points": [[409, 144], [419, 144], [429, 143], [430, 158], [419, 157], [409, 157]], "group_id": "Others", "text_field": "OF ", "shape_type": "polygon", "flags": {"Truncated": false, "Curved": true, "Slanted": false}}, {"label": "Field_8", "points": [[438, 143], [467, 142], [488, 146], [509, 151], [505, 167], [482, 162], [436, 157]], "group_id": "Others", "text_field": "QUALITY", "shape_type": "polygon", "flags": {"Truncated": false, "Curved": true, "Slanted": false}}, {"label": "Field_9", "points": [[521, 149], [545, 149], [545, 174], [520, 173]], "group_id": "Others", "text_field": "R", "shape_type": "Rectangle", "flags": {"Truncated": false, "Curved": false, "Slanted": false}}, {"label": "Field_10", "points": [[604, 73], [637, 72], [639, 94], [606, 96]], "group_id": "Others", "text_field": "Ph", "shape_type": "Rectangle", "flags": {"Truncated": false, "Curved": false, "Slanted": false}}, {"label": "Number_1", "points": [[659, 71], [768, 65], [772, 89], [659, 93]], "group_id": "Phone", "text_field": "25882370", "shape_type": "Rectangle", "flags": {"Truncated": false, "Curved": false, "Slanted": false}}, {"label": "Field_11", "points": [[650, 153], [675, 158], [673, 167], [649, 163]], "group_id": "Others", "text_field": "CRD", "shape_type": "Rectangle", "flags": {"Truncated": false, "Curved": false, "Slanted": false}}, {"label": "Field_12", "points": [[639, 177], [723, 188], [720, 218], [669, 214], [667, 229], [660, 228], [662, 210], [639, 209]], "group_id": "Others", "text_field": "Supreme", "shape_type": "polygon", "flags": {"Truncated": false, "Curved": true, "Slanted": false}}, {"label": "Field_13", "points": [[671, 215], [694, 219], [693, 231], [669, 228]], "group_id": "Others", "text_field": "GYPSUM", "shape_type": "Rectangle", "flags": {"Truncated": false, "Curved": false, "Slanted": false}}, {"label": "Field_14", "points": [[696, 220], [721, 222], [721, 235], [696, 232]], "group_id": "Others", "text_field": "PLASTER", "shape_type": "Rectangle", "flags": {"Truncated": false, "Curved": false, "Slanted": false}}, {"label": "Field_15", "points": [[653, 229], [704, 235], [706, 245], [654, 238]], "group_id": "Others", "text_field": "unreadable", "shape_type": "Rectangle", "flags": {"Truncated": false, "Curved": false, "Slanted": false}}, {"label": "Field_16", "points": [[665, 240], [686, 243], [685, 254], [664, 251]], "group_id": "Others", "text_field": "TYPE", "shape_type": "Rectangle", "flags": {"Truncated": false, "Curved": false, "Slanted": false}}, {"label": "Field_17", "points": [[688, 245], [695, 246], [694, 253], [687, 252]], "group_id": "Others", "text_field": "A", "shape_type": "Rectangle", "flags": {"Truncated": false, "Curved": false, "Slanted": false}}, {"label": "Field_18", "points": [[146, 180], [182, 171], [184, 178], [147, 186]], "group_id": "Others", "text_field": "unreadable", "shape_type": "Rectangle", "flags": {"Truncated": false, "Curved": false, "Slanted": false}}, {"label": "Field_19", "points": [[145, 187], [188, 178], [188, 183], [145, 193]], "group_id": "Others", "text_field": "unreadable", "shape_type": "Rectangle", "flags": {"Truncated": false, "Curved": false, "Slanted": false}}, {"label": "Field_20", "points": [[142, 216], [156, 217], [171, 215], [185, 211], [197, 205], [200, 209], [184, 218], [157, 223], [140, 223]], "group_id": "Others", "text_field": "unreadable", "shape_type": "polygon", "flags": {"Truncated": false, "Curved": true, "Slanted": false}}, {"label": "Field_21", "points": [[142, 229], [201, 217], [202, 223], [143, 236]], "group_id": "Others", "text_field": "unreadable", "shape_type": "Rectangle", "flags": {"Truncated": false, "Curved": false, "Slanted": false}}, {"label": "Field_22", "points": [[151, 235], [193, 227], [195, 232], [153, 242]], "group_id": "Others", "text_field": "unreadable", "shape_type": "Rectangle", "flags": {"Truncated": false, "Curved": false, "Slanted": false}}, {"label": "Field_23", "points": [[160, 242], [178, 235], [179, 243], [161, 246]], "group_id": "Others", "text_field": "TYPE", "shape_type": "Rectangle", "flags": {"Truncated": false, "Curved": false, "Slanted": false}}, {"label": "Field_24", "points": [[179, 236], [187, 235], [189, 240], [180, 241]], "group_id": "Others", "text_field": "A", "shape_type": "Rectangle", "flags": {"Truncated": false, "Curved": false, "Slanted": false}}, {"label": "Field_25", "points": [[320, 181], [523, 177], [527, 244], [326, 253]], "group_id": "Others", "text_field": "CRD", "shape_type": "Rectangle", "flags": {"Truncated": false, "Curved": false, "Slanted": false}}, {"label": "Field_26", "points": [[310, 250], [334, 258], [370, 265], [397, 266], [413, 267], [412, 289], [394, 290], [354, 287], [321, 278], [300, 269]], "group_id": "Others", "text_field": "GYPSUM", "shape_type": "polygon", "flags": {"Truncated": false, "Curved": true, "Slanted": false}}, {"label": "Field_27", "points": [[417, 267], [449, 267], [489, 256], [516, 250], [535, 244], [545, 262], [515, 274], [469, 286], [421, 291]], "group_id": "Others", "text_field": "PLASTER", "shape_type": "polygon", "flags": {"Truncated": false, "Curved": true, "Slanted": false}}, {"label": "Field_1", "points": [[105, 329], [366, 325], [365, 398], [105, 401]], "group_id": "CompanyName", "text_field": "SETHI", "shape_type": "Rectangle", "flags": {"Truncated": false, "Curved": false, "Slanted": false}}, {"label": "Field_2", "points": [[393, 324], [757, 316], [763, 396], [393, 395]], "group_id": "CompanyName", "text_field": "STORES", "shape_type": "Rectangle", "flags": {"Truncated": false, "Curved": false, "Slanted": false}}, {"label": "Field_28", "points": [[124, 409], [274, 406], [272, 437], [121, 440]], "group_id": "Others", "text_field": "Authorised", "shape_type": "Rectangle", "flags": {"Truncated": false, "Curved": false, "Slanted": false}}, {"label": "Field_29", "points": [[279, 404], [368, 405], [367, 435], [280, 437]], "group_id": "Others", "text_field": "Dealer", "shape_type": "Rectangle", "flags": {"Truncated": false, "Curved": false, "Slanted": false}}, {"label": "Field_30", "points": [[385, 403], [446, 404], [449, 432], [387, 432]], "group_id": "Others", "text_field": "CRD", "shape_type": "Rectangle", "flags": {"Truncated": false, "Curved": false, "Slanted": false}}, {"label": "Field_31", "points": [[494, 405], [590, 403], [589, 432], [493, 433]], "group_id": "Others", "text_field": "unreadable", "shape_type": "Rectangle", "flags": {"Truncated": false, "Curved": false, "Slanted": false}}, {"label": "Field_32", "points": [[597, 402], [638, 401], [638, 431], [598, 432]], "group_id": "Others", "text_field": "OF ", "shape_type": "Rectangle", "flags": {"Truncated": false, "Curved": false, "Slanted": false}}, {"label": "Field_33", "points": [[644, 402], [736, 401], [739, 434], [646, 434]], "group_id": "Others", "text_field": "PARIS", "shape_type": "Rectangle", "flags": {"Truncated": false, "Curved": false, "Slanted": false}}, {"label": "Field_34", "points": [[71, 446], [119, 447], [118, 478], [74, 480]], "group_id": "Others", "text_field": "Tile", "shape_type": "Rectangle", "flags": {"Truncated": false, "Curved": false, "Slanted": false}}, {"label": "Field_35", "points": [[124, 445], [231, 445], [230, 479], [121, 479]], "group_id": "Others", "text_field": "Adhesive", "shape_type": "Rectangle", "flags": {"Truncated": false, "Curved": false, "Slanted": false}}, {"label": "Field_36", "points": [[245, 446], [339, 446], [340, 484], [243, 485]], "group_id": "Others", "text_field": "Jointing", "shape_type": "Rectangle", "flags": {"Truncated": false, "Curved": false, "Slanted": false}}, {"label": "Field_37", "points": [[346, 443], [471, 445], [472, 484], [346, 481]], "group_id": "Others", "text_field": "Compound", "shape_type": "Rectangle", "flags": {"Truncated": false, "Curved": false, "Slanted": false}}, {"label": "Field_38", "points": [[563, 442], [633, 440], [632, 476], [565, 476]], "group_id": "Others", "text_field": "Proof", "shape_type": "Rectangle", "flags": {"Truncated": false, "Curved": false, "Slanted": false}}, {"label": "Field_49", "points": [[644, 441], [725, 442], [730, 477], [645, 478]], "group_id": "Others", "text_field": "Chaak ", "shape_type": "Rectangle", "flags": {"Truncated": false, "Curved": false, "Slanted": false}}, {"label": "Field_50", "points": [[730, 440], [792, 442], [794, 476], [734, 478]], "group_id": "Others", "text_field": "Mitti", "shape_type": "Rectangle", "flags": {"Truncated": false, "Curved": false, "Slanted": false}}, {"label": "Field_1", "points": [[55, 512], [161, 512], [160, 547], [54, 545]], "group_id": "HouseNumber", "text_field": "Cottage", "shape_type": "Rectangle", "flags": {"Truncated": false, "Curved": false, "Slanted": false}}, {"label": "Field_2", "points": [[171, 511], [210, 510], [210, 539], [170, 539]], "group_id": "HouseNumber", "text_field": "No", "shape_type": "Rectangle", "flags": {"Truncated": false, "Curved": false, "Slanted": false}}, {"label": "Field_3", "points": [[227, 510], [260, 510], [260, 537], [227, 537]], "group_id": "HouseNumber", "text_field": "36", "shape_type": "Rectangle", "flags": {"Truncated": false, "Curved": false, "Slanted": false}}, {"label": "Field_1", "points": [[276, 509], [350, 511], [350, 538], [279, 538]], "group_id": "Locality", "text_field": "West", "shape_type": "Rectangle", "flags": {"Truncated": false, "Curved": false, "Slanted": false}}, {"label": "Field_2", "points": [[355, 508], [431, 508], [432, 540], [357, 537]], "group_id": "Locality", "text_field": "Patel", "shape_type": "Rectangle", "flags": {"Truncated": false, "Curved": false, "Slanted": false}}, {"label": "Field_3", "points": [[436, 509], [527, 510], [529, 545], [440, 543]], "group_id": "Locality", "text_field": "Nagar", "shape_type": "Rectangle", "flags": {"Truncated": false, "Curved": false, "Slanted": false}}, {"label": "Field_1", "points": [[541, 511], [609, 511], [608, 540], [544, 540]], "group_id": "City", "text_field": "New", "shape_type": "Rectangle", "flags": {"Truncated": false, "Curved": false, "Slanted": false}}, {"label": "Field_1", "points": [[617, 507], [699, 509], [700, 539], [618, 538]], "group_id": "PinCode", "text_field": "Delhi", "shape_type": "Rectangle", "flags": {"Truncated": false, "Curved": false, "Slanted": false}}, {"label": "Field_2", "points": [[708, 509], [816, 509], [819, 541], [713, 541]], "group_id": "City", "text_field": "110008", "shape_type": "Rectangle", "flags": {"Truncated": false, "Curved": false, "Slanted": false}}, {"label": "Field_51", "points": [[485, 445], [553, 447], [555, 479], [488, 478]], "group_id": "Others", "text_field": "Water", "shape_type": "Rectangle", "flags": {"Truncated": false, "Curved": false, "Slanted": false}}], "imagePath": "20201202_160737.jpg", "imageData": "System.Byte[]", "imageHeight": 600, "imageWidth": 860}