{
    "version": "vaibhav_reader_2.0",
    "flags": null,
    "shapes": [
        {
            "label": "Field_1",
            "points": [
                [
                    358,
                    172
                ],
                [
                    543,
                    172
                ],
                [
                    547,
                    237
                ],
                [
                    357,
                    236
                ]
            ],
            "group_id": "CompanyName",
            "text_field": "STEEL",
            "shape_type": "Rectangle",
            "flags": {
                "Truncated": false,
                "Curved": false,
                "Slanted": false
            }
        },
        {
            "label": "Field_2",
            "points": [
                [
                    545,
                    173
                ],
                [
                    550,
                    236
                ],
                [
                    744,
                    235
                ],
                [
                    738,
                    167
                ]
            ],
            "group_id": "CompanyName",
            "text_field": "CRETE",
            "shape_type": "Rectangle",
            "flags": {
                "Truncated": false,
                "Curved": false,
                "Slanted": false
            }
        },
        {
            "label": "CardArea",
            "points": [
                [
                    86,
                    29
                ],
                [
                    93,
                    26
                ],
                [
                    792,
                    26
                ],
                [
                    840,
                    561
                ],
                [
                    23,
                    564
                ]
            ],
            "group_id": "CARDAREA",
            "text_field": "",
            "shape_type": "polygon",
            "flags": {
                "Truncated": false,
                "Curved": true,
                "Slanted": false
            }
        },
        {
            "label": "Field_1",
            "points": [
                [
                    354,
                    247.66665649414063
                ],
                [
                    354,
                    272.9999885559082
                ],
                [
                    436.83332824707031,
                    272.9999885559082
                ],
                [
                    436.83332824707031,
                    247.66665649414063
                ]
            ],
            "group_id": "Others",
            "text_field": "Consulting",
            "shape_type": "Rectangle",
            "flags": {
                "Truncated": false,
                "Curved": false,
                "Slanted": false
            }
        },
        {
            "label": "Field_2",
            "points": [
                [
                    443.16665649414062,
                    246.99998474121094
                ],
                [
                    443.16665649414062,
                    271.33331680297852
                ],
                [
                    517.66665649414062,
                    271.33331680297852
                ],
                [
                    517.66665649414062,
                    246.99998474121094
                ]
            ],
            "group_id": "Others",
            "text_field": "Structural",
            "shape_type": "Rectangle",
            "flags": {
                "Truncated": false,
                "Curved": false,
                "Slanted": false
            }
        },
        {
            "label": "Field_3",
            "points": [
                [
                    520,
                    244
                ],
                [
                    589,
                    243
                ],
                [
                    590,
                    270
                ],
                [
                    521,
                    271
                ]
            ],
            "group_id": "Others",
            "text_field": "Engineer",
            "shape_type": "Rectangle",
            "flags": {
                "Truncated": false,
                "Curved": false,
                "Slanted": false
            }
        },
        {
            "label": "Field_4",
            "points": [
                [
                    609,
                    244
                ],
                [
                    646,
                    244
                ],
                [
                    649,
                    268
                ],
                [
                    610,
                    269
                ]
            ],
            "group_id": "Others",
            "text_field": "Govt",
            "shape_type": "Rectangle",
            "flags": {
                "Truncated": false,
                "Curved": false,
                "Slanted": false
            }
        },
        {
            "label": "Field_5",
            "points": [
                [
                    653,
                    242
                ],
                [
                    685,
                    242
                ],
                [
                    687,
                    270
                ],
                [
                    654,
                    269
                ]
            ],
            "group_id": "Others",
            "text_field": "App",
            "shape_type": "Rectangle",
            "flags": {
                "Truncated": false,
                "Curved": false,
                "Slanted": false
            }
        },
        {
            "label": "Field_6",
            "points": [
                [
                    694,
                    241.99998474121094
                ],
                [
                    694,
                    265
                ],
                [
                    741,
                    265
                ],
                [
                    741.83333206176758,
                    241.99998474121094
                ]
            ],
            "group_id": "Others",
            "text_field": "Valuer",
            "shape_type": "Rectangle",
            "flags": {
                "Truncated": false,
                "Curved": false,
                "Slanted": false
            }
        },
        {
            "label": "FirstName",
            "points": [
                [
                    458.99996948242188,
                    306.16665649414062
                ],
                [
                    458.99996948242188,
                    335.166654586792
                ],
                [
                    629.33329772949219,
                    335.166654586792
                ],
                [
                    629.33329772949219,
                    306.16665649414062
                ]
            ],
            "group_id": "Name",
            "text_field": "DHARMENDRA",
            "shape_type": "Rectangle",
            "flags": {
                "Truncated": false,
                "Curved": false,
                "Slanted": false
            }
        },
        {
            "label": "MiddleName",
            "points": [
                [
                    642.33331298828125,
                    307
                ],
                [
                    642,
                    334
                ],
                [
                    659,
                    332
                ],
                [
                    658,
                    307
                ]
            ],
            "group_id": "Name",
            "text_field": "B",
            "shape_type": "Rectangle",
            "flags": {
                "Truncated": false,
                "Curved": false,
                "Slanted": false
            }
        },
        {
            "label": "LastName",
            "points": [
                [
                    679,
                    306
                ],
                [
                    679,
                    332.5
                ],
                [
                    748,
                    333
                ],
                [
                    747,
                    305
                ]
            ],
            "group_id": "Name",
            "text_field": "SHAH",
            "shape_type": "Rectangle",
            "flags": {
                "Truncated": false,
                "Curved": false,
                "Slanted": false
            }
        },
        {
            "label": "Field_7",
            "points": [
                [
                    494,
                    339
                ],
                [
                    518,
                    339
                ],
                [
                    519,
                    358
                ],
                [
                    496,
                    358
                ]
            ],
            "group_id": "Others",
            "text_field": "B.E",
            "shape_type": "Rectangle",
            "flags": {
                "Truncated": false,
                "Curved": false,
                "Slanted": false
            }
        },
        {
            "label": "Field_8",
            "points": [
                [
                    526,
                    338
                ],
                [
                    562,
                    338
                ],
                [
                    563,
                    361
                ],
                [
                    527,
                    362
                ]
            ],
            "group_id": "Others",
            "text_field": "(Civil)",
            "shape_type": "Rectangle",
            "flags": {
                "Truncated": false,
                "Curved": false,
                "Slanted": false
            }
        },
        {
            "label": "Field_9",
            "points": [
                [
                    566,
                    339
                ],
                [
                    600,
                    339
                ],
                [
                    600,
                    357
                ],
                [
                    567,
                    357
                ]
            ],
            "group_id": "Others",
            "text_field": "AMIE",
            "shape_type": "Rectangle",
            "flags": {
                "Truncated": false,
                "Curved": false,
                "Slanted": false
            }
        },
        {
            "label": "Field_10",
            "points": [
                [
                    606,
                    338
                ],
                [
                    629,
                    338
                ],
                [
                    630,
                    357
                ],
                [
                    607,
                    357
                ]
            ],
            "group_id": "Others",
            "text_field": "FIV",
            "shape_type": "Rectangle",
            "flags": {
                "Truncated": false,
                "Curved": false,
                "Slanted": false
            }
        },
        {
            "label": "Field_11",
            "points": [
                [
                    632,
                    337
                ],
                [
                    669,
                    338
                ],
                [
                    671,
                    358
                ],
                [
                    633,
                    358
                ]
            ],
            "group_id": "Others",
            "text_field": "MACI",
            "shape_type": "Rectangle",
            "flags": {
                "Truncated": false,
                "Curved": false,
                "Slanted": false
            }
        },
        {
            "label": "Field_12",
            "points": [
                [
                    675,
                    338
                ],
                [
                    696,
                    337
                ],
                [
                    696,
                    356
                ],
                [
                    675,
                    356
                ]
            ],
            "group_id": "Others",
            "text_field": "CE",
            "shape_type": "Rectangle",
            "flags": {
                "Truncated": false,
                "Curved": false,
                "Slanted": false
            }
        },
        {
            "label": "Field_13",
            "points": [
                [
                    702,
                    337
                ],
                [
                    729,
                    337
                ],
                [
                    729,
                    355
                ],
                [
                    703,
                    355
                ]
            ],
            "group_id": "Others",
            "text_field": "PVA",
            "shape_type": "Rectangle",
            "flags": {
                "Truncated": false,
                "Curved": false,
                "Slanted": false
            }
        },
        {
            "label": "Field_14",
            "points": [
                [
                    733,
                    337
                ],
                [
                    747,
                    337
                ],
                [
                    749,
                    360
                ],
                [
                    735,
                    362
                ]
            ],
            "group_id": "Others",
            "text_field": "(I)",
            "shape_type": "Rectangle",
            "flags": {
                "Truncated": false,
                "Curved": false,
                "Slanted": false
            }
        },
        {
            "label": "Number_1",
            "points": [
                [
                    484,
                    390
                ],
                [
                    485,
                    419
                ],
                [
                    748,
                    416
                ],
                [
                    746,
                    385
                ]
            ],
            "group_id": "Mobile",
            "text_field": "09825118824",
            "shape_type": "Rectangle",
            "flags": {
                "Truncated": false,
                "Curved": false,
                "Slanted": false
            }
        },
        {
            "label": "Address",
            "points": [
                [
                    483,
                    438
                ],
                [
                    484,
                    473
                ],
                [
                    749.33331298828125,
                    471.99997711181641
                ],
                [
                    749.33331298828125,
                    435.33331298828125
                ]
            ],
            "group_id": "Email",
            "text_field": "steelcrete2006@gmail.com",
            "shape_type": "Rectangle",
            "flags": {
                "Truncated": false,
                "Curved": false,
                "Slanted": false
            }
        },
        {
            "label": "Address",
            "points": [
                [
                    494,
                    482
                ],
                [
                    494,
                    510
                ],
                [
                    668.49996948242188,
                    509.49997901916504
                ],
                [
                    668.49996948242188,
                    481.33331298828125
                ]
            ],
            "group_id": "Website",
            "text_field": "www.steelcrete.in",
            "shape_type": "Rectangle",
            "flags": {
                "Truncated": false,
                "Curved": false,
                "Slanted": false
            }
        }
    ],
    "imagePath": "C:\\Users\\navuser\\Desktop\\Abhishek\\Production_files\\Abhi_0712\\Abhi_0712\\20201202_160845.jpg",
    "imageData": "System.Byte[]",
    "imageHeight": 600,
    "imageWidth": 860
}